{"fair_value": 100.17006931978695, "market_price": 95.0, "edge": 5.170069319786947, "signal": "BUY (LONG) THE WEEK-AHEAD"}